cluster,cluster_size,gene,p_val,p_adj,mean_in,mean_out,log2FC,pct_in,pct_out
0,29921,IL7R,0.0,0.0,2.06428569560263,0.241346363987166,3.09646037661686,0.361618929848601,0.0469901491278132
0,29921,CCL19,0.0,0.0,0.520981134822839,0.0642588098181799,3.01924528523928,0.0998629724942348,0.0135232376367832
0,29921,CD2,0.0,0.0,0.490243758529286,0.0639333326551347,2.93883943609975,0.0955181979211925,0.0130145653953996
0,29921,CCR7,0.0,0.0,0.407274586484815,0.0589942717868097,2.78733409825645,0.0790080545436316,0.0137217438773231
0,29921,ITK,0.0,0.0,0.389937127219384,0.0581551784706016,2.74524084907249,0.0764346111426757,0.0125865363142354
0,29921,TRBC2,0.0,0.0,1.52930141087343,0.259708412200688,2.55790351447994,0.282376925904883,0.0533423488250912
0,29921,GZMK,0.0,0.0,0.390981638584141,0.0685366350738781,2.51213622980336,0.0754653921994586,0.0144351256792635
0,29921,CD3E,0.0,0.0,1.09412513120756,0.192845664430542,2.50425296431782,0.208616022191772,0.0405821195503834
0,29921,FCN1,0.0,0.0,0.211994479355226,0.0383083802299379,2.46826390961695,0.0417098359012065,0.008448921862981
0,29921,CD40LG,0.0,0.0,0.204425677111799,0.0369520014247741,2.46782002232755,0.040239296814946,0.0078968263814793
0,29921,TRAC,0.0,0.0,1.45173955137392,0.268023982693257,2.43734425819411,0.271615253500886,0.0566425150740676
0,29921,CTLA4,0.0,0.0,0.612983730330887,0.127324156790927,2.26733364251151,0.115871795728752,0.0283987990372447
0,29921,SELL,0.0,0.0,0.519506996413658,0.109827658792355,2.24189139401565,0.102904314695364,0.0248442966675765
0,29921,FOXP3,0.0,0.0,0.254328101129361,0.0549920546903802,2.20937521805428,0.0494970087898132,0.0121771171931218
0,29921,CD163,0.0,0.0,1.67029487663984,0.384803477761521,2.11790619252643,0.311921393001571,0.0807486166596362
0,29921,GIMAP7,0.0,0.0,0.542291511233042,0.126672847201867,2.0979525480084,0.108652785668928,0.0277846703555743
0,29921,TIGIT,0.0,0.0,0.370294484610561,0.087696560181056,2.07806834600195,0.0723906286554594,0.0195590680132007
0,29921,CD4,0.0,0.0,1.37590049469416,0.334326782289212,2.04104203496285,0.273386584672972,0.0733852757996079
0,29921,CXCR4,0.0,0.0,2.99338435972921,0.791846156283728,1.91848412837578,0.532468834597774,0.159034515272574
0,29921,CCL5,0.0,0.0,1.08132075297674,0.287608912892059,1.91061056213241,0.204104140904382,0.0599240713629935
1,16679,ITGB6,0.0,0.0,0.453277008475871,0.0619218359324495,2.87185271777966,0.117093350920319,0.015225341939626
1,16679,KRT17,0.0,0.0,1.08969116368177,0.193012276612377,2.49714864023551,0.248516098087415,0.0426664985152999
1,16679,LCN2,0.0,0.0,1.8115906524561,0.336581957141656,2.42822376394169,0.394448108399784,0.0773018584547654
1,16679,MLPH,0.0,0.0,0.74111320387939,0.186184263991452,1.99295698302206,0.185202949817135,0.045762012313266
1,16679,CTTNBP2,0.0,0.0,1.00301631210705,0.271784204866539,1.88380767955616,0.246537562203969,0.067344622404641
1,16679,CTNND2,0.0,0.0,0.95193348007241,0.284520743316164,1.74232337052728,0.237484261646382,0.0709503227359756
1,16679,CXCL1,0.0,0.0,3.79596721769358,1.15913379327316,1.7114195692519,0.721685952395227,0.245915641516572
1,16679,TACSTD2,0.0,0.0,2.95371712615675,0.913507002400131,1.69304288388868,0.613645902032496,0.19413457459615
1,16679,DEFB1,0.0,0.0,0.812816896944053,0.267848332888127,1.60151046543478,0.203609329096469,0.0662898547401488
1,16679,AGR2,0.0,0.0,1.03449238418025,0.344778192273187,1.58517980461042,0.248276275556088,0.0747165311901677
1,16679,TSPAN13,0.0,0.0,1.4617517202033,0.505934429212026,1.53067410045247,0.347802626056718,0.11929192988088
1,16679,KIF26B,0.0,0.0,0.401081599193737,0.140023592740303,1.51821914453786,0.102044487079561,0.0331219976382376
1,16679,ANXA13,0.0,0.0,2.29231511593808,0.801059566637995,1.516822777702,0.500269800347743,0.186097703587357
1,16679,RARRES1,0.0,0.0,0.922388816796102,0.333396003384018,1.46813544844216,0.209904670543798,0.0715235660318953
1,16679,TMC5,0.0,0.0,1.31936257348243,0.47698143092975,1.46783414658371,0.312308891420349,0.111621934581475
1,16679,FGG,0.0,0.0,4.53703790098666,1.66857774490713,1.44313125659203,0.804304814437316,0.306461598431606
1,16679,UGT1A1,0.0,0.0,1.1716445308987,0.436415246024106,1.4247594499602,0.27927333773008,0.103269779759926
1,16679,RERG,0.0,0.0,0.742701530513721,0.278303344655395,1.41612106282834,0.187960908927394,0.0664962223266799
1,16679,CXCL3,0.0,0.0,1.02243686041119,0.388658050601843,1.3954361473253,0.252772948018466,0.0915641516572464
1,16679,SNAP25,0.0,0.0,0.743317007010729,0.286503131059446,1.37542361685092,0.186342106840938,0.0710019146326084
2,12309,ADH4,0.0,0.0,2.25900331424053,0.0350079756182116,6.0118183674261,0.450402144772118,0.0081760021474588
2,12309,SULT2A1,0.0,0.0,1.57774212563955,0.0286006461708948,5.78562034336953,0.343407262978309,0.0070575340014316
2,12309,ARG1,0.0,0.0,1.49676904092225,0.0291155626705355,5.68386872750148,0.333577057437647,0.0068226556907659
2,12309,SERPINC1,0.0,0.0,3.13539510252067,0.0637343506353428,5.62041012235466,0.581444471524901,0.0155802612741589
2,12309,HAMP,0.0,0.0,2.77280469474944,0.0619914924636558,5.48310920238017,0.519863514501584,0.0140703292770222
2,12309,AHSG,0.0,0.0,4.48708398623571,0.1210110550033,5.21255583073212,0.726460313591681,0.0292255726556908
2,12309,AGXT,0.0,0.0,1.2784767751913,0.0384367937942115,5.05575773861179,0.287188236249898,0.0094790175375805
2,12309,CYP8B1,0.0,0.0,0.936396475781162,0.0298731925863301,4.97014941859771,0.219107969778211,0.0069345025053686
2,12309,SERPINA11,0.0,0.0,0.883491561302212,0.0282979273559284,4.96439871262595,0.209765212446178,0.0069400948460987
2,12309,AFM,0.0,0.0,1.81203777430379,0.0587530980778641,4.94678053385153,0.38126574051507,0.0146407480314961
2,12309,HAO2,0.0,0.0,0.710787682328335,0.0233230670606057,4.92952942897324,0.167925907872289,0.0057097798854688
2,12309,SPP2,0.0,0.0,1.02218085637342,0.0341137259153272,4.90511345331994,0.235924932975871,0.0083941034359341
2,12309,HAO1,0.0,0.0,0.84712456928569,0.0304807819854055,4.79655668453204,0.203347144365911,0.0075496599856836
2,12309,PCK1,0.0,0.0,1.88123957622118,0.0929578035575209,4.33894904430721,0.383053050613372,0.0223861399427344
2,12309,ADH1A,0.0,0.0,2.47421422987893,0.123909972332759,4.31959515550627,0.495816069542611,0.0298463224767359
2,12309,ALDOB,0.0,0.0,4.8877456895768,0.244866847769279,4.31909425933796,0.761962791453408,0.0502639584824624
2,12309,APOF,0.0,0.0,0.883602927610289,0.0444922521483732,4.31174137298259,0.209440246973759,0.0107596635647817
2,12309,F13B,0.0,0.0,0.761170465404434,0.0400835287476554,4.24710406080032,0.183849216020798,0.0099208124552612
2,12309,F2,0.0,0.0,1.91709031751904,0.103305337622591,4.21391839078682,0.406369323259404,0.0254787043664996
2,12309,ITIH1,0.0,0.0,1.86743783181838,0.103910784699748,4.16762980257036,0.398895117393777,0.025741544380816
3,10522,APCDD1,0.0,0.0,2.36445585803554,0.400761418798482,2.5606896862499,0.501425584489641,0.0960615272171559
3,10522,CHST4,0.0,0.0,2.99122293963901,0.675874309083744,2.14590690648755,0.599410758410948,0.155097091410442
3,10522,TACSTD2,0.0,0.0,3.84267776077226,0.931269331567117,2.04484045245857,0.728283596274473,0.201757445889603
3,10522,ALKAL2,0.0,0.0,1.93423943323818,0.582096859575692,1.73243352049637,0.426819996198441,0.136215898960704
3,10522,KIF12,0.0,0.0,1.98551240447265,0.706744589463717,1.49024922085269,0.437654438319711,0.168790108691439
3,10522,SLC44A3,0.0,0.0,1.95787365183679,0.717010378809863,1.44922048338831,0.437369321421783,0.172582958201137
3,10522,F5,0.0,0.0,2.6552103020306,1.14302719561415,1.21596568381206,0.540011404675917,0.253943732939098
3,10522,FGFR1,0.0,0.0,1.73608454718061,0.749499557427558,1.2118365833682,0.390895267059494,0.172660476293306
3,10522,FGFR2,0.0,0.0,3.76216325044315,1.6624421640944,1.17825781779603,0.715453335867706,0.358277547992005
3,10522,CXCL8,0.0,0.0,1.870008380099,0.84914776069111,1.13895628286944,0.39412659190268,0.184033487815817
3,10522,NUAK2,0.0,0.0,1.30233107805479,0.596897398735807,1.12554007555844,0.299182664892606,0.139754046167561
3,10522,PKHD1,0.0,0.0,3.18888888685813,1.48355344148912,1.10399641196498,0.631248812012925,0.322641373620593
3,10522,FAM171A1,0.0,0.0,1.87980100114272,0.885068139227905,1.0867186471857,0.423683710321232,0.208944480434987
3,10522,GLIS3,0.0,0.0,1.26321536700233,0.623400688665774,1.01886780082685,0.29595134004942,0.151774887460341
3,10522,TESC,0.0,0.0,1.358107091016,0.675096823127012,1.00842983535456,0.313153392891085,0.159759250953749
3,10522,DCDC2,0.0,0.0,4.50856639504591,2.30463751421942,0.968128607834451,0.803744535259456,0.458558274225788
3,10522,ANXA9,0.0,0.0,1.36882486483417,0.716399221350506,0.934101237641903,0.317049990496103,0.170656079910079
3,10522,FXYD2,0.0,0.0,1.94821472388668,1.06096432623904,0.876775926549889,0.434423113476525,0.23833491138021
3,10522,BICC1,0.0,0.0,3.67597059769858,2.01790731625543,0.865264992696529,0.703288348222771,0.429644025846747
3,10522,ITGB8,0.0,0.0,1.74522704598659,0.977970323697248,0.835551495394139,0.396502566052081,0.229492311866359
4,10090,KIT,0.0,0.0,0.368529052375211,0.0957447573010455,1.94450180633372,0.0838453914767096,0.0217637473416743
4,10090,NGFR,0.0,0.0,0.670994506009861,0.174336252794101,1.94442222313894,0.136372646184341,0.03815836716657
4,10090,ARHGAP24,0.0,0.0,1.13113860965838,0.346420605486803,1.70717618793939,0.250247770069376,0.0811334824757644
4,10090,MFAP4,0.0,0.0,1.00190936488841,0.3118497130384,1.68382598202743,0.200891972249752,0.0650371475129119
4,10090,DSEL,0.0,0.0,1.66085719351017,0.573369272297088,1.53438988737479,0.355599603567889,0.139486839561411
4,10090,WNK2,0.0,0.0,1.6651701758,0.714167597507401,1.2213338865589,0.352725470763132,0.169552848896622
4,10090,FGFR3,0.0,0.0,2.62820431510332,1.31567297770153,0.998275947829747,0.511496531219029,0.291783356809457
4,10090,EVC,0.0,0.0,1.325200686606,0.674703047819256,0.973885222394789,0.291674925668979,0.163471151987185
4,10090,CD44,0.0,0.0,3.67475853086817,1.97297212425643,0.897278542000337,0.693161546085233,0.399845333775237
4,10090,CHST9,0.0,0.0,1.91603536126162,1.09314036667223,0.809644955289721,0.401486620416254,0.251095092109261
4,10090,F5,0.0,0.0,2.04420513603449,1.18069010735427,0.791909107839063,0.412586719524281,0.261728395061728
4,10090,SLC12A2,0.0,0.0,2.60589372993579,1.53679265621422,0.761855335902791,0.515262636273538,0.328671251415472
4,10090,AQP1,0.0,0.0,4.0989285106347,2.91914263421797,0.489701980846329,0.713181367690783,0.537525892783163
4,10090,ANXA4,0.0,0.0,3.52243693423106,2.64242793135159,0.414709615741831,0.652923686818632,0.532090479741486
4,10090,ATP1A1,0.0,0.0,4.57287405281521,3.79945377417599,0.267309095004148,0.783052527254708,0.699179716629381
4,10090,FTH1,0.0,0.0,5.72407650701827,6.21336610825912,-0.118332089406168,0.952329038652131,0.966028668489519
4,10090,ITGB1,0.0,0.0,4.15920434262755,4.9304104861109,-0.24540014367173,0.774132804757185,0.864208578451681
4,10090,TMSB10,0.0,0.0,3.61727006012432,4.65100412065607,-0.36264081787505,0.697026759167493,0.829690391360787
4,10090,HSP90B1,0.0,0.0,1.89030858591361,2.98017237498753,-0.656773732030557,0.394449950445986,0.609688734222664
4,10090,SOX4,0.0,0.0,0.899837022328637,2.01220680060289,-1.16104206601222,0.195738354806739,0.431966194382302
5,9271,CFHR5,0.0,0.0,1.10550671973386,0.0924519855156938,3.57984538100618,0.237299104735196,0.0220946473544712
5,9271,COCH,0.0,0.0,0.643326773945406,0.147154300308593,2.12821446762461,0.157372451731205,0.0363863318926172
5,9271,CFHR4,0.0,0.0,0.294833846211035,0.0717970437055498,2.03789060475339,0.0744256283033114,0.0175470432324832
5,9271,CALB2,0.0,0.0,0.299494508631779,0.0744432266497392,2.00830249450545,0.0808974220688167,0.0181794186545251
5,9271,GDF15,0.0,0.0,1.78711034209838,0.46563188306548,1.94036467086569,0.393053608025024,0.110264277937246
5,9271,RGS4,0.0,0.0,1.58100813220278,0.416801848016752,1.92340866028725,0.341387121130407,0.0966214655712825
5,9271,F2,0.0,0.0,0.683324725943442,0.196503835144904,1.79800863113649,0.170316039262216,0.0438758564562781
5,9271,EPHB6,0.0,0.0,0.666350671586938,0.195920297908551,1.76600953393098,0.16977672311509,0.048071529908608
5,9271,FGFR1,0.0,0.0,2.42203062111191,0.721316574214453,1.74751122118433,0.535217344407292,0.166804139584502
5,9271,MMP15,0.0,0.0,0.997264947131053,0.379162585385141,1.39515787298715,0.251752777478158,0.094240434634377
5,9271,CFH,0.0,0.0,3.27086197153391,1.27315552235148,1.3612615252665,0.645561428109158,0.260197741045014
5,9271,CXCL8,0.0,0.0,2.11240260498949,0.843813040398565,1.32388851042656,0.443857189084241,0.182943460138353
5,9271,FBLN1,0.0,0.0,0.619119373574996,0.252461672807918,1.29414983742759,0.161147664761083,0.0570952522353096
5,9271,F5,0.0,0.0,2.67575766708251,1.15238220812271,1.21532745818877,0.570812210117571,0.254341394745235
5,9271,SLC12A2,0.0,0.0,3.30694631426456,1.50586749245685,1.13490427602703,0.666486894617625,0.321802104985318
5,9271,TACSTD2,0.0,0.0,2.21216417027579,1.03442165949187,1.09663332425507,0.497788803796786,0.217130225345607
5,9271,FGFR4,0.0,0.0,1.37525289139178,0.66224501115974,1.05425883111822,0.33933771977133,0.161266730454101
5,9271,ANXA9,0.0,0.0,1.41796183730134,0.718382326524189,0.980993951147507,0.343328659260058,0.170323446281083
5,9271,HOMER2,0.0,0.0,2.53983401632427,1.31578260119038,0.948812547415996,0.556789990292309,0.291415091227028
5,9271,GJB1,0.0,0.0,2.43833211705003,1.3313083044723,0.873049442645134,0.539963326501996,0.305316352678522
6,8775,KCNJ16,0.0,0.0,1.43097099926397,0.27953454184408,2.35589180937212,0.322051282051282,0.0691691801480669
6,8775,PDGFRA,0.0,0.0,2.37955811470662,0.499813980924158,2.25122824640753,0.506780626780627,0.109180148066904
6,8775,CTNND2,0.0,0.0,0.929635663725372,0.314522901856151,1.56349731087896,0.214586894586895,0.0792706333973129
6,8775,HNF1B,0.0,0.0,1.06870120010485,0.372526831377818,1.52043977617351,0.244330484330484,0.0928105292020839
6,8775,CX3CL1,0.0,0.0,0.93498437911357,0.331909259974483,1.49415057841144,0.215156695156695,0.0817987386893337
6,8775,APCDD1,0.0,0.0,1.29817428414978,0.470885877236622,1.46303277118458,0.293447293447293,0.109953386344941
6,8775,UGT1A1,0.0,0.0,1.26112703086983,0.46397786368466,1.44258375607813,0.285698005698006,0.11058952563751
6,8775,SOX6,0.0,0.0,0.947523725976971,0.351652112398731,1.43001060507237,0.217891737891738,0.08620235810255
6,8775,CDH2,0.0,0.0,2.6004500104627,0.985419546268004,1.39995040182419,0.551111111111111,0.225719769673704
6,8775,ANXA9,0.0,0.0,1.83019690225607,0.70044774326325,1.38564827035167,0.40045584045584,0.168044968467233
6,8775,WNK2,0.0,0.0,1.84490612747323,0.712376456375086,1.37283442562361,0.404558404558405,0.168379489991774
6,8775,CDH6,0.0,0.0,3.06019929217477,1.19367772197933,1.35821149315982,0.614472934472934,0.263855223471346
6,8775,C5,0.0,0.0,2.06266273957712,0.811755560779362,1.34538960394244,0.438746438746439,0.187211406635591
6,8775,PDGFD,0.0,0.0,1.8811326657537,0.761817684984874,1.30408278642059,0.40980056980057,0.178969015629284
6,8775,NEO1,0.0,0.0,2.35048777743282,1.01177915560568,1.2160649438451,0.503247863247863,0.237071565670414
6,8775,FXYD2,0.0,0.0,2.42142327175521,1.04669298780824,1.21001616785461,0.517150997150997,0.236232519879353
6,8775,CCL2,0.0,0.0,1.60433419727532,0.729468093342019,1.13705683929281,0.340854700854701,0.158914176035097
6,8775,ABCC4,0.0,0.0,1.5224829588996,0.699071032375318,1.12291400412293,0.341196581196581,0.167655607348506
6,8775,CHST9,0.0,0.0,2.24992497452304,1.08300724663668,1.05483330720561,0.483418803418803,0.248236907046888
6,8775,S100A10,0.0,0.0,3.79365188174778,1.86901687409344,1.02130731240404,0.729344729344729,0.401409377570606
7,8211,AKR1B10,0.0,0.0,3.83864472261112,0.676820918116851,2.50374922232166,0.725246620387285,0.148239063166297
7,8211,TMC5,0.0,0.0,2.00250443342527,0.48531324644494,2.04481504083965,0.456095481670929,0.114458160665668
7,8211,UGT1A1,0.0,0.0,1.70857311500119,0.446349974805131,1.93654234893947,0.396906588722445,0.106137310430038
7,8211,GDF15,0.0,0.0,1.53435227516986,0.484636243880535,1.66265350871357,0.344172451589331,0.114097335359787
7,8211,MUC20,0.0,0.0,1.11167463903784,0.369960886058892,1.58728734953245,0.273657289002558,0.0914309456903244
7,8211,GPX2,0.0,0.0,3.89464601029027,1.32308236564722,1.55758860945457,0.730727073438071,0.287211476431547
7,8211,CXCL8,0.0,0.0,2.44274247094813,0.836335670153969,1.54634663826336,0.514919011082694,0.181265512754628
7,8211,TSPAN13,0.0,0.0,1.51525995272868,0.547781989939189,1.4678898983001,0.364267446108878,0.129131723104847
7,8211,CRYAB,0.0,0.0,2.77012164432171,1.01303517402521,1.45126415995529,0.571672147119717,0.209087330658123
7,8211,AGR2,0.0,0.0,0.998095598221987,0.378342346939162,1.39948337389423,0.243941054682743,0.0829460839520212
7,8211,S100A13,0.0,0.0,1.66123072622813,0.672861909954837,1.30386882659918,0.393740104737547,0.161108499076069
7,8211,MAP2,0.0,0.0,1.18698864316493,0.486853772632324,1.28574395725023,0.28668858847887,0.11555703773358
7,8211,FGA,0.0,0.0,2.74617428263333,1.16518610466712,1.23686207251883,0.564973815613202,0.229009261182851
7,8211,AKR1C1,0.0,0.0,3.82857532345004,1.71924413969504,1.1550327509153,0.724028741931555,0.370999486097292
7,8211,TALDO1,0.0,0.0,1.82775948686731,0.852967695078719,1.09951233026231,0.426988186578979,0.200837552073652
7,8211,TACSTD2,0.0,0.0,2.22474947209161,1.04068180988069,1.09611311649386,0.490317866276946,0.2190920323212
7,8211,FGG,0.0,0.0,3.87314029948428,1.8311753799029,1.0807333755592,0.708196322007064,0.333823545491324
7,8211,CHST4,0.0,0.0,1.58276998402938,0.768352620769694,1.04261017958944,0.368286445012788,0.1710858654887
7,8211,SLPI,0.0,0.0,2.42204210900778,1.23429766794442,0.972533012093763,0.532456460845208,0.274566189575429
7,8211,POSTN,0.0,0.0,1.85739108172045,0.96641817709178,0.942557401557476,0.365363536719035,0.188039187815039
8,7960,RERG,0.0,0.0,1.88017137703584,0.25097731514202,2.90523031250523,0.442713567839196,0.0612071083449349
8,7960,ADH6,0.0,0.0,1.02285428544385,0.14067297200165,2.86217471981607,0.250879396984925,0.0354106952747523
8,7960,ARSE,0.0,0.0,2.03339646320846,0.370084670086384,2.45796106288943,0.471608040201005,0.0926596238364316
8,7960,RGS4,0.0,0.0,2.10952255680932,0.402166407941955,2.39104912404683,0.464824120603015,0.0930090355690225
8,7960,COCH,0.0,0.0,0.758993981112188,0.145678970108447,2.38128781438168,0.190326633165829,0.0358201621488822
8,7960,CYP4A11,0.0,0.0,1.34185083337765,0.279004229689765,2.26586130927473,0.314321608040201,0.0672399202904485
8,7960,SMIM24,0.0,0.0,1.7109998776086,0.368435799645658,2.21535142899965,0.402889447236181,0.0877896978134469
8,7960,GCNT3,0.0,0.0,0.989294476395276,0.215694536257606,2.19740515945332,0.244095477386935,0.0524991128217727
8,7960,HUNK,0.0,0.0,1.37769017644863,0.319728343722972,2.10732946826864,0.332412060301508,0.0793546802063713
8,7960,NOVA1,0.0,0.0,0.445735089413485,0.108311203386295,2.04099397618846,0.114070351758794,0.0264515600687904
8,7960,GCNT4,0.0,0.0,1.02495233593275,0.26228902573388,1.96632337672158,0.253768844221106,0.0651980454781208
8,7960,KCNJ16,0.0,0.0,1.11559248569623,0.298363650466341,1.90266289139431,0.272110552763819,0.0724647176043458
8,7960,UNC5CL,0.0,0.0,1.98973667681517,0.532702086933954,1.90117469493308,0.457160804020101,0.130609013730789
8,7960,CCL20,0.0,0.0,1.68074106681886,0.45003396264947,1.90098934792781,0.378266331658291,0.101525946550924
8,7960,MAP2,0.0,0.0,1.71726405135351,0.464768448489189,1.88552558760722,0.404522613065327,0.110670706739825
8,7960,OGDHL,0.0,0.0,0.505137690617211,0.137366609792304,1.8786376798033,0.129522613065327,0.0358420003821691
8,7960,FAM149A,0.0,0.0,1.52286054477021,0.418728605066598,1.86269395273999,0.366834170854271,0.102956350831218
8,7960,BAMBI,0.0,0.0,1.39922824088653,0.387584332685924,1.85204646263634,0.333793969849246,0.0963448257036006
8,7960,SNAP25,0.0,0.0,1.0301679746889,0.295782340961452,1.80026829187186,0.255527638190955,0.0734856550105096
8,7960,CX3CL1,0.0,0.0,1.05408964552472,0.329416580158282,1.67800948039244,0.257663316582915,0.0805448639205088
9,7906,IER5,0.0,0.0,2.75270138078179,0.408858910844265,2.75117011862543,0.562231216797369,0.0966875706122182
9,7906,CRYAB,0.0,0.0,4.87339002537842,0.925202970775582,2.39708262159535,0.865165696939034,0.197026509259411
9,7906,NUAK2,0.0,0.0,2.63930777999199,0.54927830191497,2.26454831141353,0.549709081710094,0.131220015391417
9,7906,PDGFRA,0.0,0.0,2.41921094650261,0.507018486810981,2.25442406695975,0.525676701239565,0.110250574449156
9,7906,TSPAN1,0.0,0.0,0.587697060537013,0.12447299294288,2.23923079397138,0.142929420693144,0.0310066095765177
9,7906,FXYD2,0.0,0.0,3.86488739623319,0.990927009654376,1.96357459965038,0.751707563875538,0.227443660319072
9,7906,C4BPA,0.0,0.0,2.21459308305089,0.626649000198619,1.82131049725222,0.463318998229193,0.136814413352327
9,7906,CYP4A11,0.0,0.0,1.03288625126816,0.292649472283365,1.81943226791595,0.240703263344295,0.0704894143074681
9,7906,VEPH1,0.0,0.0,2.07604687234404,0.65771944315278,1.65829329403078,0.45952441183911,0.154880225304144
9,7906,ANXA13,0.0,0.0,2.46231065531064,0.865129342151071,1.50902396223452,0.529471287629648,0.199881016706783
9,7906,SLPI,0.0,0.0,3.27741881931338,1.19936490323579,1.45028862182324,0.661269921578548,0.269437121695894
9,7906,CYP3A5,0.0,0.0,3.81584568989298,1.40198352922471,1.44453277960942,0.741335694409309,0.307620934510067
9,7906,CYP3A4,0.0,0.0,0.79183903299583,0.298961939315348,1.4052423543817,0.188717429800152,0.0732948002117684
9,7906,S100A13,0.0,0.0,1.71145311199259,0.672340098936927,1.34795736431481,0.389830508474576,0.161664456197228
9,7906,CX3CL1,0.0,0.0,0.857406748478062,0.338117137030553,1.34245404892724,0.203010371869466,0.082955370349145
9,7906,ARSE,0.0,0.0,1.03163851025193,0.413801299982317,1.31792536328956,0.244497849734379,0.102571239882327
9,7906,ANXA9,0.0,0.0,1.72157397132688,0.710493234784822,1.27683416084775,0.390209967113585,0.169589398479415
9,7906,PAQR5,0.0,0.0,1.05036781074245,0.434254702872313,1.27427928273773,0.249304325828485,0.10826933887861
9,7906,ANPEP,0.0,0.0,4.83194934043165,2.12284208084091,1.18660789556054,0.857323551732861,0.439337623281428
9,7906,CHST9,0.0,0.0,2.45511164259313,1.07968797138559,1.18517344650936,0.531621553250696,0.247272389872229
10,7862,ACE2,0.0,0.0,1.39993128540618,0.183090604190129,2.93471950398753,0.308572882218265,0.0456175005320223
10,7862,FGB,0.0,0.0,3.74374994043478,0.702648594207008,2.41360714716445,0.704782498092088,0.136039462411943
10,7862,CCL20,0.0,0.0,1.78052279206822,0.446411438584591,1.99585258241434,0.381582294581531,0.101531678516667
10,7862,MLPH,0.0,0.0,0.829866349530323,0.20907503426087,1.98885304700321,0.192444670567286,0.0521600104767465
10,7862,FGA,0.0,0.0,4.33272469204457,1.10013372396463,1.9775946925221,0.77728313406258,0.220540971172577
10,7862,LOXL4,0.0,0.0,1.27158908970148,0.364574862401518,1.80234272515688,0.285932332739761,0.0905856610445098
10,7862,TMEM156,0.0,0.0,1.5405731295484,0.450608968533092,1.77351696905213,0.344060035614348,0.109001817060727
10,7862,FGG,0.0,0.0,5.84985901459699,1.75026261092454,1.74082987605722,0.912363266344442,0.325777707447766
10,7862,ALKAL2,0.0,0.0,1.95283809456623,0.600924863976913,1.70031416011355,0.426609005342152,0.140442969939377
10,7862,TFR2,0.0,0.0,0.824858347655738,0.26326375750662,1.64763373175668,0.192063088272704,0.0651904639779988
10,7862,CHST4,0.0,0.0,2.1645826736621,0.744943750969927,1.53888423333994,0.458534723988807,0.167589748066986
10,7862,GPX2,0.0,0.0,3.78463331526759,1.33269912145853,1.50580172084364,0.722844060035614,0.28839427489455
10,7862,SMIM24,0.0,0.0,1.11710119520365,0.39463204613681,1.50117749715419,0.254896972780463,0.0943070887194906
10,7862,MUC1,0.0,0.0,2.19485486687913,0.781792225586127,1.48926721458433,0.470363775120834,0.179785335828836
10,7862,VEPH1,0.0,0.0,1.86456389616416,0.667132612017257,1.48279137579918,0.409310607987789,0.157107544894496
10,7862,C5,0.0,0.0,2.25481471806742,0.809744131300153,1.47746973572793,0.479394556092597,0.186720723768573
10,7862,HOMER2,0.0,0.0,3.50434538242138,1.28381597444995,1.44870584190186,0.686720936148563,0.287881350845506
10,7862,CXCL2,0.0,0.0,2.53957941898466,0.960507394383963,1.40272003189459,0.52747392520987,0.215951937925277
10,7862,TMC5,0.0,0.0,1.33601000863339,0.51679520893584,1.37026450356388,0.301322818621216,0.121748525343359
10,7862,SERPINA6,0.0,0.0,2.14764224109198,0.881182428090306,1.28524008935198,0.459043500381582,0.205404255086952
11,7384,C9orf152,0.0,0.0,0.639568971141059,0.0858333296265895,2.89747552623864,0.143959913326111,0.0211819898661703
11,7384,CALB2,0.0,0.0,0.38867264879486,0.0731706766044903,2.40920207824251,0.0874864572047671,0.0185587321283764
11,7384,ANXA3,0.0,0.0,2.70575615689401,0.756155861776055,1.83927491046263,0.554712892741062,0.178354313952792
11,7384,FGA,0.0,0.0,3.93105229105748,1.12468528018578,1.80539328926197,0.736863488624052,0.223613673594897
11,7384,ALKAL2,0.0,0.0,2.04973977545876,0.600547661896328,1.77108841196141,0.436213434452871,0.140801454220887
11,7384,TMEM156,0.0,0.0,1.53940945954132,0.453491261588521,1.76322811699137,0.333423618634886,0.110040763901361
11,7384,ARHGAP24,0.0,0.0,1.14861196712192,0.357275143384047,1.68478126574944,0.25419826652221,0.0834653125867389
11,7384,C5,0.0,0.0,2.32278402199725,0.810771982461608,1.51848571673604,0.473862405200433,0.187704431781693
11,7384,SLC12A2,0.0,0.0,4.20101356280328,1.4884344926013,1.49694108905037,0.7818255687974,0.32070686455391
11,7384,CHST9,0.0,0.0,2.80077641359646,1.06970425782836,1.3886139954077,0.57407908992416,0.246373972058495
11,7384,SH3YL1,0.0,0.0,4.42391528161737,1.7250616562513,1.35867532102915,0.8136511375948,0.383822881120708
11,7384,WNK2,0.0,0.0,1.84226472919579,0.721056352845542,1.353295250394,0.394230769230769,0.17058250472132
11,7384,ABCC4,0.0,0.0,1.71544367659389,0.697550109175491,1.29821176808825,0.372562296858072,0.167708894585313
11,7384,TMC4,0.0,0.0,1.77061678538601,0.751924161887888,1.235591833525,0.383261105092091,0.1841559586592
11,7384,HOMER2,0.0,0.0,3.03772647486735,1.30834467011607,1.21524868948828,0.613353196099675,0.291867356768495
11,7384,DCDC2,0.0,0.0,5.28827190631647,2.31094303847809,1.19431430629447,0.901137594799567,0.460539563842583
11,7384,VCAN,0.0,0.0,1.66676430405801,0.747225091963047,1.15743423615733,0.349810400866739,0.156176356937211
11,7384,ALDH1A1,0.0,0.0,1.58477744498852,0.719572017780138,1.13906816778025,0.343986998916576,0.168323890693966
11,7384,FGG,0.0,0.0,3.93189896909542,1.83800472649449,1.0970853572496,0.736998916576381,0.334351070256502
11,7384,FGFR3,0.0,0.0,2.69204318326447,1.33243746465059,1.01463318117443,0.54455579631636,0.293690575320696
12,6896,FBLN1,0.0,0.0,1.46798025234116,0.225414179847257,2.70317696610318,0.341647331786543,0.051680245781066
12,6896,TRIM45,0.0,0.0,1.01623562569546,0.183543709725743,2.46903292803876,0.243474477958237,0.045709415998567
12,6896,CXCL3,0.0,0.0,1.83575318363039,0.391869427374475,2.22792427911269,0.399216937354988,0.0946430800796834
12,6896,TMC5,0.0,0.0,2.1091631728715,0.492150322820852,2.09949751840878,0.469547563805104,0.116393184569205
12,6896,CRYAB,0.0,0.0,3.76601124729468,0.988299187868517,1.93001647171981,0.738254060324826,0.205439968734564
12,6896,VEPH1,0.0,0.0,2.27829511439441,0.657924659629578,1.79195878378848,0.498694895591647,0.155084161559798
12,6896,HUNK,0.0,0.0,1.08676090324838,0.336728488423367,1.69037392447438,0.260150812064965,0.0835210526030104
12,6896,HKDC1,0.0,0.0,2.17603537516362,0.6837042853939,1.67025618998223,0.474477958236659,0.166179048901096
12,6896,SLC44A3,0.0,0.0,2.21615416523752,0.731765210066528,1.5986041913101,0.493039443155452,0.175710664444794
12,6896,SEMA6A,0.0,0.0,2.67183675487329,0.939608292933236,1.5076995169244,0.569315545243619,0.221615489418061
12,6896,SPNS2,0.0,0.0,1.02115096051566,0.374631976705868,1.44664777160682,0.246664733178654,0.0921407595981089
12,6896,CXCL2,0.0,0.0,2.62254048676474,0.965681846030299,1.44134423993521,0.551914153132251,0.216670556752737
12,6896,TUT4,0.0,0.0,2.88176530340293,1.11135264141804,1.37463537839729,0.615429234338747,0.25744589614013
12,6896,CXCL12,0.0,0.0,2.72989699206468,1.05903193465466,1.36609958693871,0.585701856148492,0.223629287462886
12,6896,CXCL1,0.0,0.0,3.26079466105752,1.31918835222787,1.30557237761832,0.641241299303944,0.274191359666502
12,6896,SLPI,0.0,0.0,3.01424242912202,1.22060856651354,1.30419413045454,0.623404872389791,0.273002621737077
12,6896,SERPINA6,0.0,0.0,2.17193339367477,0.886913818865638,1.29211306829742,0.482453596287703,0.205857926819339
12,6896,EVC,0.0,0.0,1.5705071903091,0.676798569201603,1.21443091150174,0.365429234338747,0.162933088710246
12,6896,ELF3,0.0,0.0,1.69334949490781,0.732925341515592,1.20814049649893,0.388196055684455,0.176030918042219
12,6896,SEMA4G,0.0,0.0,1.8287528167952,0.813126997360437,1.16930650038862,0.415168213457077,0.193444028898816
13,6292,ALDOB,0.0,0.0,3.61776740923855,0.439241798838861,3.04200951777196,0.676891290527654,0.0763283612774775
13,6292,SMIM24,0.0,0.0,2.56850893665709,0.351360655502075,2.86990299287769,0.560870947234584,0.0852553386029551
13,6292,TRIM45,0.0,0.0,1.25037243299172,0.1782944150962,2.810017521112,0.317705022250477,0.0438287535234509
13,6292,RGS4,0.0,0.0,2.31817851016193,0.410471238777446,2.49763572947527,0.524316592498411,0.0943392143177896
13,6292,TFR2,0.0,0.0,1.16845062259497,0.256337618303212,2.18847525631661,0.309122695486332,0.0622832502853928
13,6292,OGDHL,0.0,0.0,0.563747861282278,0.138690328873806,2.02317502258174,0.161157024793388,0.0356105240947233
13,6292,GCNT4,0.0,0.0,1.07249710166523,0.26755307888144,2.00307266592854,0.285123966942149,0.0658324000584311
13,6292,G6PC,0.0,0.0,0.828566242992234,0.212916762393107,1.96032247538266,0.2223458359822,0.0506457180265429
13,6292,GPT,0.0,0.0,0.513196143085458,0.13529611142463,1.92338210082271,0.147647806738716,0.0342958237976985
13,6292,SLC5A9,0.0,0.0,0.52389377654925,0.162297710448772,1.69062554086645,0.149237126509854,0.0413508410294698
13,6292,AFF3,0.0,0.0,0.656306386429719,0.211035699280617,1.63687776463635,0.183566433566434,0.0521227270022128
13,6292,CDH6,0.0,0.0,3.52477497915818,1.20293723102963,1.55096900411197,0.702956134774317,0.265553229131162
13,6292,MUC13,0.0,0.0,0.635159139752918,0.21966240400206,1.53182584094455,0.173553719008264,0.0539189430458847
13,6292,SMAD5,0.0,0.0,2.76199367454836,0.963771534328014,1.51894594518248,0.602828989192626,0.226279939188348
13,6292,IFI27,0.0,0.0,1.19833623680884,0.419966824046346,1.51268326465074,0.302924348378894,0.0927972818706616
13,6292,SDCBP2,0.0,0.0,1.38607056949522,0.488367292745094,1.50496031096405,0.357755880483153,0.117852331564169
13,6292,AKR1B10,0.0,0.0,2.1630364524583,0.766688350429404,1.49634459984332,0.492530197075652,0.16215178025569
13,6292,RIC8B,0.0,0.0,0.947642631445125,0.351639783372161,1.43024222046874,0.253019707565162,0.0857639057960429
13,6292,GDF15,0.0,0.0,1.33194743457753,0.502424930538497,1.40655540087271,0.322314049586777,0.117230148296029
13,6292,SLC17A4,0.0,0.0,0.732697501958591,0.280427673673034,1.38558579437152,0.202956134774317,0.0697710906602176
14,5767,CALCA,0.0,0.0,0.792896664864024,0.055043784892315,3.84845688674444,0.2190046818103,0.0133471444448041
14,5767,AKR1B10,0.0,0.0,4.60210195000299,0.694757233505532,2.72771032544756,0.848101265822785,0.152024730521477
14,5767,SPNS2,0.0,0.0,1.79872721052261,0.354377321923939,2.34361495153818,0.463325819316803,0.0863410265540198
14,5767,UGT1A1,0.0,0.0,2.13831852398941,0.449622191709738,2.24968909037993,0.5248829547425,0.105989490607365
14,5767,COCH,0.0,0.0,0.706073165952756,0.15458171053592,2.19144076342632,0.199063637940003,0.0373763204177861
14,5767,RGS4,0.0,0.0,1.92406835732973,0.428136403317741,2.16801502102364,0.47927865441304,0.0969583184971784
14,5767,NCAM1,0.0,0.0,0.518140687796982,0.128253027228701,2.01434253450155,0.149124328073522,0.0302279912385762
14,5767,CYP4A11,0.0,0.0,1.18348521667025,0.296506129329592,1.99690420498994,0.31610889543957,0.0701075756104403
14,5767,ELOVL7,0.0,0.0,0.575201112433986,0.145900718108162,1.97907210186375,0.165770764695682,0.036480756158353
14,5767,MYRF,0.0,0.0,2.03038667896622,0.51903130595799,1.96785897590311,0.510490723079591,0.126975906084442
14,5767,ALDH1A1,0.0,0.0,2.57381057255558,0.696348219126272,1.88602353423369,0.60534073174961,0.16172487834353
14,5767,SLC5A9,0.0,0.0,0.551178598230295,0.162472973281065,1.76231385683407,0.162996358591989,0.0412283257264321
14,5767,ANXA9,0.0,0.0,2.36056764555366,0.702280075256761,1.74901397352292,0.568579850875672,0.166585742185393
14,5767,CTTNBP2,0.0,0.0,1.03651144373493,0.313789612402822,1.72386333935748,0.286110629443385,0.0766624585936404
14,5767,GCNT4,0.0,0.0,0.895929685431914,0.275326468221954,1.70223857255198,0.249349748569447,0.0675665468984344
14,5767,CX3CL1,0.0,0.0,1.07444181222322,0.337357090343968,1.67123603129954,0.295300849661869,0.0814693727813205
14,5767,DSEL,0.0,0.0,1.84746818826086,0.592926155068142,1.63962352721512,0.47112883648344,0.140932681621511
14,5767,FXYD2,0.0,0.0,3.14678898096622,1.04643405454986,1.58839811971176,0.696722732790012,0.23520430734039
14,5767,PDGFD,0.0,0.0,2.250758000629,0.768481924758322,1.55032647936246,0.553840818449801,0.178233472523441
14,5767,HKDC1,0.0,0.0,1.9330172695443,0.700354913990759,1.46469509599953,0.484133865094503,0.167756449681158
15,5400,HMGCS2,0.0,0.0,3.66242092128153,0.163813032818316,4.48266715010751,0.713703703703704,0.0375501413379997
15,5400,NCAM1,0.0,0.0,1.59945466898106,0.0975839911432763,4.03477792245248,0.37037037037037,0.0240301521066092
15,5400,VSIG1,0.0,0.0,0.799508853930014,0.0555145473078421,3.84815205042506,0.18537037037037,0.0133100013460762
15,5400,IL1RN,0.0,0.0,2.74006683009642,0.190994275167919,3.84260275290131,0.570740740740741,0.0436936330596312
15,5400,CAPN8,0.0,0.0,2.06655622884079,0.156212659473935,3.72563680182784,0.452037037037037,0.0383416341364921
15,5400,TFF1,0.0,0.0,1.06078808775655,0.081271977340538,3.70621828286213,0.227592592592593,0.0198950060573428
15,5400,APOA5,0.0,0.0,1.23470018876923,0.100948308143534,3.61245900772759,0.274074074074074,0.0236424821644905
15,5400,BCL2L15,0.0,0.0,0.814658318051585,0.0754677614528344,3.4322453626991,0.2,0.0181343384035536
15,5400,DUOX2,0.0,0.0,1.74692569313226,0.179399323741365,3.2835646704077,0.384259259259259,0.0412491587023826
15,5400,HPGD,0.0,0.0,2.91340786351098,0.329576222667753,3.14401973605601,0.617222222222222,0.0744918562390631
15,5400,ACSL5,0.0,0.0,2.13287676586045,0.265936969140125,3.0036396109627,0.478148148148148,0.0614672230448243
15,5400,UGT2B10,0.0,0.0,0.912897784091808,0.128092823148592,2.83325400430229,0.222222222222222,0.0302974828375286
15,5400,G6PC,0.0,0.0,1.3344419712049,0.201165142548423,2.72977823515928,0.30037037037037,0.049201776820568
15,5400,MMP15,0.0,0.0,2.10017690879327,0.359978036451731,2.54452674754476,0.475185185185185,0.091027056131377
15,5400,RORC,0.0,0.0,1.23892241676648,0.217031671132771,2.51310286996907,0.293888888888889,0.0540476510970521
15,5400,TM4SF5,0.0,0.0,0.419160549684807,0.0777908039336924,2.42981631494257,0.103888888888889,0.0198734688383362
15,5400,GJB2,0.0,0.0,0.781432562050996,0.14597542444651,2.42038783054143,0.189074074074074,0.0367209584062458
15,5400,BATF,0.0,0.0,0.517559407154719,0.0999903623052297,2.37185187782318,0.128518518518519,0.0221994884910486
15,5400,PPARG,0.0,0.0,1.65022955395557,0.349346298573877,2.23993370830955,0.385925925925926,0.0844420514201104
15,5400,RAP1GAP,0.0,0.0,3.83648580529072,0.853293939421774,2.16866939603266,0.743148148148148,0.204167451877776
16,5396,CALB1,0.0,0.0,2.88431557131485,0.0222544848640675,7.01792477553283,0.619718309859155,0.005335731092075
16,5396,AGR3,0.0,0.0,1.53298104838851,0.0488584679692403,4.97155883835876,0.365641215715345,0.0119259781724986
16,5396,MYB,0.0,0.0,2.4578447817784,0.0947695112651241,4.69681236518585,0.540029651593773,0.0217467385276397
16,5396,SDR16C5,0.0,0.0,0.70174101969328,0.0271303423127691,4.69290842102203,0.176056338028169,0.0067302359889947
16,5396,PLAC8,0.0,0.0,3.46129065849235,0.236840602324371,3.86931608789678,0.70941438102298,0.0497014467315282
16,5396,S100P,0.0,0.0,1.48849293052753,0.104358230400865,3.83422322362693,0.356745737583395,0.023760425135547
16,5396,GALNT5,0.0,0.0,0.655089724761985,0.0481975285398163,3.76463371408581,0.166790214974055,0.0115437007683237
16,5396,ST6GALNAC1,0.0,0.0,0.606699843862659,0.0464501785603885,3.70719821174536,0.155114899925871,0.0111506549865664
16,5396,SLC2A1,0.0,0.0,2.14290535343939,0.177950125118416,3.59001584496281,0.463862120088955,0.0424381760522051
16,5396,AGR2,0.0,0.0,3.50006709141233,0.315045647043648,3.47374562833472,0.707375833951075,0.0719219938727932
16,5396,CAPN8,0.0,0.0,1.596572970531,0.169908264555086,3.23214297078526,0.372312824314307,0.0406667779399017
16,5396,MSLN,0.0,0.0,0.520539197327916,0.0571912576307468,3.1861178147854,0.132134914751668,0.0136219976417253
16,5396,TFF2,0.0,0.0,0.234835876103593,0.0267071915734207,3.13630477190012,0.060229799851742,0.006520252626138
16,5396,CDA,0.0,0.0,0.923907563145555,0.105944253659723,3.12443112237169,0.229614529280949,0.0254026027168617
16,5396,SLCO1B3,0.0,0.0,0.495014751019347,0.0585622967449014,3.07940575569749,0.12824314306894,0.0144080892052399
16,5396,TM4SF5,0.0,0.0,0.578581533359545,0.073166484904753,2.98324819796354,0.14770200148258,0.0186023722735814
16,5396,GCNT3,0.0,0.0,1.63423522721404,0.207636612912813,2.97647682644783,0.383061527057079,0.0511067200060303
16,5396,C15orf48,0.0,0.0,1.65905839628958,0.212664593441237,2.96370698962626,0.381393624907339,0.0470578100350511
16,5396,GJB2,0.0,0.0,1.06049287310346,0.137881547831179,2.94322451817958,0.260378057820608,0.034652639060136
16,5396,IFI27,0.0,0.0,2.85399786453056,0.375619785353675,2.92563595754125,0.620830244625649,0.0845748375321032
17,4975,MUC3A,0.0,0.0,2.90935119614529,0.237036236803473,3.61751233589633,0.552763819095477,0.0550362610797744
17,4975,CALCA,0.0,0.0,0.475288111624406,0.0666714079559986,2.83364361351296,0.117788944723618,0.0169272092398603
17,4975,DUOX2,0.0,0.0,1.16875561191808,0.198430185202722,2.55826384582609,0.264522613065327,0.0452323395111469
17,4975,HPGD,0.0,0.0,1.53916458489308,0.372203076057398,2.04798268677025,0.358391959798995,0.082648401826484
17,4975,GCNT3,0.0,0.0,0.758636620056689,0.234264069733811,1.69526905903675,0.193366834170854,0.0569272092398603
17,4975,ANXA13,0.0,0.0,2.241811631888,0.896170551231911,1.32281887010147,0.484020100502513,0.206285253827558
17,4975,KRT19,0.0,0.0,1.66632187215527,0.733392879394252,1.18400783801764,0.384120603015075,0.168987375772227
17,4975,CDH6,0.0,0.0,2.39760940302557,1.2494884480887,0.94025853075983,0.513768844221106,0.273704002148805
17,4975,ITGB1,0.0,0.0,5.47978280647316,4.87392594524843,0.169034348935126,0.902713567839196,0.858297072253559
17,4975,BAMBI,7.28123166836603e-308,3.49499120081569e-306,1.08627707984579,0.41217036057825,1.39807730172486,0.267939698492462,0.10191243620736
17,4975,VSIG1,1.5951076242785e-292,6.96046963321528e-291,0.328331812326633,0.0698057284106691,2.23372093029163,0.087035175879397,0.016330915928015
17,4975,IGFBP5,4.91393851921429e-279,1.96557540768572e-277,2.26030166103612,1.11739922819104,1.01636994657032,0.426130653266332,0.220746709642761
17,4975,CFH,3.1542312086977297e-273,1.16463921551916e-271,2.48542874336243,1.3402502159633,0.890991878610437,0.533467336683417,0.272087026591459
17,4975,TSPAN1,2.7751698007235e-253,9.51486788819484e-252,0.476505424940406,0.134738306556694,1.8223248871951,0.124623115577889,0.0332581251678754
17,4975,MUC1,2.0380081252674799e-252,6.521626000855929e-251,1.67241014010942,0.817670143185333,1.03233692692859,0.37608040201005,0.186811710985764
17,4975,FTH1,2.32434749524494e-245,6.97304248573483e-244,5.87782164142359,6.19581253128349,-0.0760118980623094,0.963015075376884,0.965366639806608
17,4975,HK2,2.7620720186232303e-236,7.79879158199501e-235,0.769618755417254,0.269696691906519,1.51280265727996,0.178291457286432,0.0617190437818963
17,4975,TMC5,4.24195375663937e-205,1.13118766843716e-203,1.14366773979149,0.534640902807531,1.09702442132665,0.277386934673367,0.125173247381144
17,4975,JPT1,2.3349223680305703e-198,5.898751245550911e-197,1.45245130802519,0.74816641124192,0.957057761516019,0.344321608040201,0.174724684394306
17,4975,TCN1,5.51132580982894e-190,1.3227181943589501e-188,0.33513988581135,0.0663158099253652,2.33732118529946,0.0709547738693467,0.0160515713134569
18,4926,CXCR4,0.0,0.0,3.02223680992703,1.08661315409492,1.47577744128197,0.551766138855055,0.208653107696604
18,4926,TESC,0.0,0.0,1.78030844006749,0.684454347139918,1.37909969108179,0.364190012180268,0.163019135441114
18,4926,CXCL8,0.0,0.0,2.10254767291487,0.873676611382013,1.26696627255479,0.416971173365814,0.189743231703715
18,4926,FTH1,0.0,0.0,6.655235636394,6.17516192149059,0.108012763792007,0.985789687373122,0.964763505711631
18,4926,FGG,0.0,0.0,0.283712930714169,1.96216090603025,-2.78993519353436,0.0609013398294763,0.357552940671003
18,4926,CDH1,1.4694055772407901e-300,1.17552446179263e-298,0.814529070513451,2.10219120984431,-1.36785471962084,0.182298010556232,0.445174249056117
18,4926,FCGR3A,5.25772771974464e-297,3.60529900782489e-295,1.45233816118972,0.557706766058397,1.38079713599864,0.282379212342672,0.116552720476479
18,4926,CD24,5.0061265968020696e-288,3.00367595808124e-286,1.98588244870481,3.30459492706423,-0.734692921739342,0.394437677628908,0.603698193867851
18,4926,TACSTD2,1.07503197834052e-284,5.73350388448279e-283,2.1454994239993,1.06366822767706,1.01226460469934,0.412505075111652,0.225935692458069
18,4926,VIM,9.18838262429367e-274,4.41042365966096e-272,3.99958470411723,2.8127492313999,0.50786911772968,0.723710921640276,0.549191993512318
18,4926,C15orf48,3.6697901795309004e-272,1.60136298743167e-270,0.846266472818791,0.237818424033001,1.8312471633963,0.16747868453106,0.0535609750857953
18,4926,FGA,2.5872970042505496e-270,1.03491880170022e-268,0.137247376358708,1.26209919284122,-3.20096545694021,0.0322777101096224,0.249029264389175
18,4926,C1QC,3.4045780394324203e-240,1.2570749684058199e-238,1.75045185025223,0.807212286006649,1.11670637700855,0.330085261875761,0.163217847571684
18,4926,CLU,1.07917687959978e-227,3.70003501577067e-226,1.78180968325844,3.00971544713203,-0.756283514325728,0.356475842468534,0.562462741475518
18,4926,FGFR2,4.20902290965478e-205,1.34688733108953e-203,0.781463280568218,1.80440300841049,-1.20727055940695,0.176207876573285,0.38327810568263
18,4926,FGB,1.10872585804131e-199,3.32617757412393e-198,0.016354308155461,0.849211274120073,-5.69829437638198,0.0036540803897685,0.163556195253465
18,4926,IGFBP5,1.3705946087269601e-188,3.8699141893467e-187,0.25797680863703,1.1706726316042,-2.18202005266455,0.0535931790499391,0.230656448208637
18,4926,SERPINA6,5.1403896554262606e-182,1.3707705747803401e-180,0.206315650453037,0.952510957225588,-2.20687694708711,0.0485180673974827,0.220264340839639
18,4926,ANPEP,4.21789243241659e-176,1.0655728250315599e-174,1.23358052792319,2.26139655430209,-0.874361573452089,0.261469752334551,0.461790879650267
18,4926,CTSB,5.94604874960348e-176,1.42705169990483e-174,3.68426361976481,2.90526267383313,0.342707581074977,0.668087697929354,0.591463971342488
19,4757,DUOX2,0.0,0.0,1.37547630965021,0.194288704819353,2.82365097928876,0.32079041412655,0.0440526270604396
19,4757,LCN2,0.0,0.0,2.61834343672049,0.410346394549329,2.67373719450047,0.555181837292411,0.0934870793269231
19,4757,AGXT2,0.0,0.0,0.510492462958512,0.0804781630273223,2.6652052805273,0.132856842547824,0.0204863495879121
19,4757,C4BPA,0.0,0.0,3.61302377612796,0.617785360034719,2.54802722451748,0.727559386167753,0.135586581387363
19,4757,LIPC,0.0,0.0,1.46040051319731,0.253591186073378,2.52578287117088,0.35337397519445,0.0632780305631868
19,4757,APOD,0.0,0.0,0.579989348937414,0.118600036760864,2.28991227255863,0.118772335505571,0.0268715659340659
19,4757,PROM1,0.0,0.0,2.92964480919123,0.651486412221617,2.16891704601855,0.624343073365566,0.154640281593407
19,4757,CYP4A11,0.0,0.0,1.27975629181428,0.298855713881414,2.09834436785566,0.314483918435989,0.0714822287087912
19,4757,ACE2,0.0,0.0,0.905160554647696,0.215992790624463,2.0671854711602,0.227664494429262,0.0520636589972527
19,4757,FCGBP,0.0,0.0,0.892948749713445,0.228647585506014,1.96544699651647,0.211477822156822,0.0509422218406593
19,4757,KCNJ16,0.0,0.0,1.15999511086643,0.311275527351357,1.89785127272027,0.288837502627707,0.0754689646291209
19,4757,MUC20,0.0,0.0,1.36261719155768,0.37730198313807,1.85258596068269,0.332772755938617,0.0932992788461538
19,4757,DSEL,0.0,0.0,1.69904615880562,0.603513439621515,1.49326570229404,0.404666806811015,0.144418569711538
19,4757,CHST4,0.0,0.0,2.08010950708981,0.770751924628192,1.43231981064846,0.481395837712844,0.171853537087912
19,4757,AKR1C3,0.0,0.0,2.19001338089467,0.833975004692368,1.39286256352491,0.507042253521127,0.199358258928571
19,4757,CYP3A5,0.0,0.0,3.66119317354864,1.44671724941377,1.33953030767145,0.729030901828884,0.315263349931319
19,4757,UNC5CL,0.0,0.0,1.40511961717026,0.572665520270795,1.29492681141771,0.343073365566534,0.13913332760989
19,4757,ANPEP,0.0,0.0,5.18003288161386,2.15973224092766,1.26210840516806,0.888164809754047,0.445612980769231
19,4757,FXYD2,0.0,0.0,2.51324989386208,1.0739876255118,1.22657598638271,0.566533529535421,0.241028502747253
19,4757,CCL2,0.0,0.0,1.70350884980255,0.745798354886554,1.19165083491376,0.389741433676687,0.161588899381868
20,4217,ERN2,0.0,0.0,0.344304425585799,0.0141254183780574,4.60722127992032,0.0898743182357126,0.0033759924668821
20,4217,MS4A8,0.0,0.0,0.314492393902531,0.0134242776040918,4.5500058875908,0.0808631728717097,0.0032957390801891
20,4217,ST6GALNAC1,0.0,0.0,0.88350666748112,0.0437388980383794,4.33622089274335,0.214370405501541,0.0107218524621739
20,4217,SLCO1B3,0.0,0.0,0.929966537031427,0.0515020626295967,4.17445022620652,0.228835665164809,0.0128565925482055
20,4217,AGR3,0.0,0.0,1.15864239390326,0.0666659809075771,4.11932039875306,0.277685558453877,0.0161416311768357
20,4217,S100P,0.0,0.0,1.82029420096416,0.105603168306241,4.10743374857272,0.414512686744131,0.024557536328033
20,4217,MYB,0.0,0.0,1.84039583606462,0.123606414704304,3.8961796889955,0.413564145126867,0.0278693260855608
20,4217,KCNN4,0.0,0.0,1.07192288249031,0.0737926125115687,3.86056270946892,0.260137538534503,0.0172063261069617
20,4217,TFF2,0.0,0.0,0.353690387910368,0.0253384660120317,3.8030330635844,0.090822859852976,0.0061688103237956
20,4217,GALNT5,0.0,0.0,0.667587687399875,0.0517437758427779,3.68947438731495,0.166469053829737,0.0125302287756543
20,4217,SDR16C5,0.0,0.0,0.371259605429425,0.0388420192478511,3.25670498835493,0.0962769741522409,0.009598305048473
20,4217,TFF1,0.0,0.0,0.855056017135483,0.0921133522438657,3.21452276157895,0.198245198008063,0.02187172298671
20,4217,AGR2,0.0,0.0,3.16296308029877,0.342742203091418,3.20607721076068,0.615129238795352,0.0780116420912963
20,4217,GCNT3,0.0,0.0,1.91144429339824,0.210381113598511,3.18357995106418,0.424472373725397,0.052266355640208
20,4217,DUOX2,0.0,0.0,1.65987877051978,0.191284639338591,3.11727827379433,0.353568887834954,0.0441126115522075
20,4217,RARRES1,0.0,0.0,2.66443546162642,0.333362926894472,2.99866052505961,0.541142992648803,0.0732766922764141
20,4217,FUT2,0.0,0.0,0.861348892688638,0.109446024990767,2.97636666066642,0.213421863884278,0.0272379994435765
20,4217,SLC2A1,0.0,0.0,1.49756402276211,0.204905025955494,2.86958432731862,0.336732274128527,0.0479647741134676
20,4217,TFF3,0.0,0.0,0.396400188817383,0.0543205632512287,2.86736438643083,0.0972255157695044,0.0131883065465363
20,4217,CAPN8,0.0,0.0,1.29622445571244,0.185683979748312,2.80338764757965,0.299739151055253,0.0443961735185225
21,3723,MSLN,0.0,0.0,1.47420982593431,0.0423817324005559,5.12032244706997,0.34085414987913,0.0105335055122144
21,3723,KRT17,0.0,0.0,2.50218696809411,0.226942809803293,3.46278312849558,0.522428149341929,0.0514562277883907
21,3723,ITGB6,0.0,0.0,0.54465245028641,0.0871627983854218,2.64353759805224,0.131345688960516,0.0219848240680462
21,3723,VSIG1,0.0,0.0,0.430710205556627,0.0694990075595977,2.63163581793228,0.104754230459307,0.0164512651946084
21,3723,KIF26B,0.0,0.0,0.819199246422693,0.149765300571475,2.45150311475478,0.194735428417943,0.0360455064513719
21,3723,PTGDS,0.0,0.0,2.03315587745634,0.416897630229327,2.28595300004974,0.440236368520011,0.0864932071162528
21,3723,MUC1,0.0,0.0,3.29108226084754,0.791223350571812,2.05640379354421,0.661026054257319,0.182415342418971
21,3723,MRS2,0.0,0.0,3.34591765362762,0.850580062685274,1.97588173052027,0.674456083803384,0.204618947503228
21,3723,CDH2,0.0,0.0,3.40000203627269,1.01307347585798,1.74679579740076,0.695138329304325,0.231630398821784
21,3723,CFH,0.0,0.0,4.14533166740647,1.31492468544649,1.65650661796175,0.780284716626377,0.26892989402461
21,3723,MAOB,0.0,0.0,2.97343191004171,1.15790547497482,1.36061079395398,0.625033575073865,0.268572373827387
21,3723,GPX2,0.0,0.0,3.52695696359676,1.39197215315214,1.34129299462158,0.701316142895514,0.298417306111995
21,3723,FAM171A1,0.0,0.0,2.18069997232126,0.915179567379478,1.25266363072894,0.489927477840451,0.215419259132773
21,3723,S100A10,0.0,0.0,3.92563624654827,1.91827930602329,1.0331133173595,0.765780284716626,0.409526045613174
21,3723,PMEPA1,0.0,0.0,3.65119806131368,1.96082024899284,0.896912302262923,0.715551974214343,0.407823822584604
21,3723,CLU,0.0,0.0,5.1172012477801,2.93557091597092,0.801713653854665,0.848777867311308,0.551360177586152
21,3723,CD24,0.0,0.0,5.0735632550995,3.23478859226698,0.649327743542955,0.856298683857105,0.593179368416559
21,3723,PDGFRA,1.42949442957115e-307,3.81198514552308e-306,1.48493772234418,0.568261164436791,1.38577483046428,0.339511146924523,0.123221737227991
21,3723,LAD1,6.25822244522344e-304,1.5810246177406599e-302,2.52488333199763,1.29636181914294,0.961747749210698,0.553585817888799,0.299708647719875
21,3723,KCNJ16,5.8431519247864e-302,1.4023564619487398e-300,1.02132964198256,0.318713161901731,1.68011496376784,0.24388933655654,0.0775391938186359
22,1886,C15orf48,0.0,0.0,1.60861458745513,0.23999500245555,2.7447373243203,0.26458112407211,0.0544232425662786
22,1886,FAM83E,0.0,0.0,5.47112460265357,0.980943570594915,2.47959415387224,0.81389183457052,0.226586485872362
22,1886,CANX,0.0,0.0,0.867416446813217,3.97991240217517,-2.19793867363892,0.147932131495228,0.756250033027019
22,1886,ATP1A1,0.0,0.0,0.720981626217337,3.87137240132219,-2.4248090651736,0.123541887592789,0.70938865667225
22,1886,ITGB1,0.0,0.0,0.902092232810351,4.92943784430862,-2.4500749717598,0.153234358430541,0.866491579431301
22,1886,PSAP,0.0,0.0,0.673852674528751,4.03786531924478,-2.58308589520141,0.117179215270414,0.770475430540216
22,1886,TMSB10,0.0,0.0,0.712760672589501,4.63513609383437,-2.70112034433101,0.124602332979852,0.82964399515956
22,1886,CTSB,0.0,0.0,0.406503002059548,2.95044373799339,-2.8595909759125,0.0715800636267232,0.598639815260068
22,1886,CLU,0.0,0.0,0.22713699194179,3.00548417965359,-3.72595696414748,0.0397667020148462,0.562310094642225
22,1886,VIM,0.0,0.0,0.192607912506557,2.86975618063361,-3.89718230398228,0.035524920466596,0.558854147400906
22,1886,CD63,1.2954674530309301e-284,5.65294888595314e-283,0.729365835134197,3.21612817174164,-2.14060884585851,0.127253446447508,0.65441584451408
22,1886,ANXA4,1.86280881526418e-278,7.451235261056741e-277,0.409442300381868,2.71160342762383,-2.72741114487855,0.0747613997879109,0.543091011895011
22,1886,MYL6,1.07122079602838e-276,3.95527678533557e-275,0.614023931205968,2.94952136361462,-2.26411220835559,0.10763520678685,0.613303811582179
22,1886,ANPEP,6.80985347997936e-253,2.3348069074214997e-251,0.197025393883472,2.25521591639239,-3.51680539188788,0.0334040296924708,0.460845808739213
22,1886,AQP1,1.7676237409957798e-252,5.656395971186499e-251,0.618009463094831,3.00498105364411,-2.28165320620697,0.10763520678685,0.551176026083418
22,1886,TIMP1,3.4383071164076596e-231,1.0314921349223e-229,0.132967750694946,2.02649590461593,-3.92982883228248,0.0254506892895016,0.414655541405313
22,1886,DCDC2,4.25277874917418e-230,1.20078458800212e-228,0.361007072260625,2.44655026316435,-2.76064651048941,0.0620360551431601,0.481703031616105
22,1886,LGALS3BP,5.067423548517809e-224,1.35131294627142e-222,0.465804287889224,2.42185129050768,-2.37831195487746,0.0832449628844115,0.512685017359001
22,1886,CDH1,4.77534350436051e-219,1.20640256952266e-217,0.260353904260937,2.08702880389198,-3.0028997151976,0.0477200424178155,0.442292550689868
22,1886,CD24,9.009637975448621e-214,2.1623131141076701e-212,0.973757579748856,3.29349775136915,-1.75798496329712,0.164899257688229,0.602624194801283
